{
  "blue": 0.3801757481774593,
  "brown": 0.0,
  "cyan": 0.0,
  "green": 0.20838457836479332,
  "orange": 0.0,
  "pink": 0.09496818351959788,
  "purple": 0.15350337771598666,
  "red": 0.16296811222216281,
  "yellow": 0.0
}